[
  {
    "id": 0,
    "name": "Cameron Williamson",
    "image": "avtar/3.jpg",
    "status": "Hey, How are you?",
    "online":"success",
    "lastSeenDate": "0",
    "time": "7:30 PM",
    "reply": "fa fa-reply font-danger",
    "badge":true
  },
  {
    "id": 1,
    "name": "Jane Cooper",
    "image": "avtar/7.jpg",
    "status": "Hey, What's up?",
    "lastSeenDate": "Last seen today 15:24",
    "online": "success",
    "time": "1:10 PM",
    "reply": "fa fa-reply font-success"
  },
  {
    "id": 2,
    "name": "Ronald Richards",
    "image": "user/1.jpg",
    "status": "I'm ready",
    "lastSeenDate": "Last seen today 13:24",
    "online": "success",
    "time": "13:10 PM",
    "reply": "fa fa-reply font-success"
  },
  {
    "id": 3,
    "name": "Darlene Robertson",
    "image": "avtar/4.jpg",
    "status": "Hey, How are you?",
    "lastSeenDate": "1:30 PM",
    "online": "success",
    "time": "1:30 PM",
    "reply": "fa fa-reply font-success"
  },
  {
    "id": 4,
    "name": "Darrell Steward",
    "image": "user/2.jpg",
    "status": "What's going on?",
    "lastSeenDate": "Last seen today 12:10",
    "online": "warning",
    "time": "2:10 PM",
    "reply": "fa fa-reply font-success"
  },
  {
    "id": 5,
    "name": "Theresa Webb",
    "image": "avtar/4.jpg",
    "status": "What's up?",
    "lastSeenDate": "Last seen today 22:24",
    "online": "success",
    "time": "1:50 AM",
    "reply": "fa fa-reply font-danger"
  },
  {
    "id": 6,
    "name": "Kori Thomas",
    "image": "user/12.png",
    "status": "Are you sure?",
    "lastSeenDate": "Last seen today 00:24",
    "online": "warning",
    "time": "5:14 PM",
    "reply": "fa fa-reply font-success"
  },
  {
    "id": 7,
    "name": "Annette Black",
    "image": "avtar/16.jpg",
    "status": "Thanks",
    "lastSeenDate": "Last seen yesterday 06:47",
    "online": "warning",
    "time": "1:50 PM",
    "reply": "fa fa-reply font-danger"
  },
  {
    "id": 8,
    "name": "Esther Howard",
    "image": "user/11.png",
    "status": "Thanks for reply",
    "lastSeenDate": "Last seen yesterday 20:07",
    "online": "success",
    "time": "7:30 PM",
    "reply": "fa fa-reply font-danger"
  }
] 
  